,occupation,organization,title,af_link,job_link,referens,datePosted
0,Datasäkerhetsansvarig,Alten Sverige AB,Cyber Security Engineer Örebro,https://arbetsformedlingen.se/platsbanken/annonser/27991962,https://www.alten.se/career/13452-Cyber-Security-Engineer-OErebro,,2023-08-31
1,Truckförare,Pallkonsulten i Sverige AB,Erfaren Truckförare till Pallkonsulten,https://arbetsformedlingen.se/platsbanken/annonser/27969968,https://www.pallkonsulten.se/jobb/nu-soker-vi-erfaren-truckforare/,,2023-08-25
2,Lagerarbetare,Svenska Storesupport Bemanning AB,Extrajobb på KGAs lager i Örebro - orderplock,https://arbetsformedlingen.se/platsbanken/annonser/27997142,https://jobb.storesupport.se/jobs/3110481-extrajobb-pa-kgas-lager-i-orebro-orderplock?promotion=761378-arbetsformedlingen,,2023-09-01
3,Lagerarbetare,Jobandtalent People Sweden AB,Extrajobb på KGAs lager i Örebro - orderplock,https://arbetsformedlingen.se/platsbanken/annonser/28000080,https://jobb.jobandtalent.com/jobs/3112326-extrajobb-pa-kgas-lager-i-orebro-orderplock?promotion=762117-arbetsformedlingen,,2023-09-01
4,Lagerarbetare,Uniflex Sverige AB,Extrajobb som lagerarbetare till Dagab i Örebro,https://arbetsformedlingen.se/platsbanken/annonser/28007811,http://www.uniflex.se/jobbannons?jaid=63916,63916,2023-09-05
5,Lagerarbetare,Aditro Logistics Staffing AB,Extrajobb Örebro,https://arbetsformedlingen.se/platsbanken/annonser/27904273,https://jobs.aditrologistics.com/jobb/3196/ansokningsformular/,3196,2023-08-11
6,Systemutvecklare/Programmerare,Experis AB,Infoflex Systemvetare,https://arbetsformedlingen.se/platsbanken/annonser/27915395,https://www.aplitrak.com/?adid=Y2Fyb2RkLjgzNzYxLjMxMDFAbWFucG93ZXJncm91cG5vcmRpY3MuYXBsaXRyYWsuY29t,6319d068-9350-,2023-08-09
7,IT-tekniker/Datatekniker,Framtiden i Sverige AB,Intern IT- tekniker sökes till specialistföretag inom Microsoftteknologi!,https://arbetsformedlingen.se/platsbanken/annonser/28002975,https://jobb.framtiden.com/jobs/Careers/35955000155727691,ZR_48185_JOB,2023-09-04
8,Systemutvecklare/Programmerare,Cleverex Bemanning AB,Junior mjukvaruutvecklare till Sectra,https://arbetsformedlingen.se/platsbanken/annonser/27970816,https://cleverex-se.intelliplan.net/jobb/564/annons,564,2023-08-25
9,Databasutvecklare,Centric Professionals AB,Klienttekniker inom Citrix och Windows,https://arbetsformedlingen.se/platsbanken/annonser/27974969,https://banners.recruitmenttechnologies.com/adnetwork/servlet/advertBeans.TrackingServlet?seid=139494092&t=101&cid=CNTRC&vid=1692975927567,139494092,2023-08-25
10,Databasadministratör,Stegra Rekrytering AB,Konsult inom IT Operations till Compose IT,https://arbetsformedlingen.se/platsbanken/annonser/27985301,https://pnty-apply.ponty-system.se/stegra?id=295,,2023-08-29
11,Lagerarbetare,Simplex Bemanning AB,Lagermedarbetare - Örebro,https://arbetsformedlingen.se/platsbanken/annonser/28013092,https://jobb.simplexbemanning.se/jobs/2393679-lagermedarbetare-orebro,,2023-09-06
12,Lagerarbetare,Performiq AB,Lagermedarbetare på deltid till kund i Örebro,https://arbetsformedlingen.se/platsbanken/annonser/28007768,http://www.performiq.se/job/6998/,6998,2023-09-05
13,Lagerarbetare,Academic Work Sweden AB,Lagermedarbetare på heltid till Elektroskandia,https://arbetsformedlingen.se/platsbanken/annonser/27961968,http://www.academicwork.se/jobad/lagermedarbetare-pa-heltid-till-elektroskandia/15096902?apply=1,15096902,2023-08-23
14,Systemutvecklare/Programmerare,REGION ÖREBRO LÄN,Objektledare IT till Folktandvården,https://arbetsformedlingen.se/platsbanken/annonser/27954073,https://oll.heroma.se/prod/ollpp01/ExternwebbV2/LedigaJobb/EW2PageJobPostingAdvert.aspx?jobpostingid=7437133985154576100,FTV:2023:041,2023-08-21
15,Systemutvecklare/Programmerare,Nexer AB,Senior .NET utvecklare till Nexer Mälardalen,https://arbetsformedlingen.se/platsbanken/annonser/28011114,https://web106.reachmee.com/ext/I008/1568/main?site=9&validator=0c70c7481daa738dfebfeae347c5270b&lang=SE&rmpage=job&rmjob=2954&ref=https%3A%2F%2Farbetsformedlingen.se%2Fplatsbanken%2F,,2023-09-05
16,Systemutvecklare/Programmerare,AFRY AB,Systemingenjör till AFRY Advanced Automation,https://arbetsformedlingen.se/platsbanken/annonser/28003583,https://jobs.smartrecruiters.com/AFRY/743999927820618-systemingenjor-till-afry-advanced-automation,,2023-09-04
17,Systemutvecklare/Programmerare,Sogeti Sverige AB,Systemutvecklare C# .Net till kundteam i Örebro,https://arbetsformedlingen.se/platsbanken/annonser/27769027,https://emp.jobylon.com/applications/jobs/164268/create/?utm_source=ams&utm_medium=promotionserializer,,2023-06-22
18,Systemutvecklare/Programmerare,Professionals Nord Rekrytering AB,Systemutvecklare till NeH Svenska AB sökes!,https://arbetsformedlingen.se/platsbanken/annonser/27960139,https://pn.zerolime.se/show.aspx?src=AMS&id=A14D7A60-4E1C-45E9-B72E-AE71694B90C8,,2023-08-22
19,Lagerarbetare,Studentconsulting Sweden AB (Publ),Söker du ett extraarbete till hösten?,https://arbetsformedlingen.se/platsbanken/annonser/27943208,http://www.studentconsulting.com/sv/jobs/orebro/soker-du-ett-extraarbete-till-hosten/72126/?utm_source=af&utm_medium=sharedjob&utm_content=job72126,,2023-08-17
20,Lagerarbetare,Eterni Sweden AB,Truckförare till Eterni,https://arbetsformedlingen.se/platsbanken/annonser/28009916,https://apply.recman.no/job_post.php?id=342671&path=ams&sub_id=138,,2023-09-05
21,Lagerarbetare,OnePartnerGroup Örebro AB,Vi söker nu lagerarbetare till Frigoscandia!,https://arbetsformedlingen.se/platsbanken/annonser/27982610,https://apply.recman.no/job_post.php?id=341738&path=ams&sub_id=462,,2023-08-29
