,jobb,yrke,company,tid,link
0,IT-TJÄNSTER (1 jobb),IT-tekniker/Datatekniker,Försvarsmakten - Örebro,"Publicerad idag, kl. 15.24",{'https://arbetsformedlingen.se/platsbanken/annonser/26296133'}
1,Studenter med truckkort till deltidsjobb på lager (1 jobb),Lagerarbetare,Academic Work - Örebro,"Publicerad idag, kl. 12.01",{'https://arbetsformedlingen.se/platsbanken/annonser/26294632'}
2,Student? Här har du möjlighet till truckkort och deltidstjänst (1 jobb),Lagerarbetare,Academic Work - Örebro,"Publicerad idag, kl. 12.01",{'https://arbetsformedlingen.se/platsbanken/annonser/26294635'}
3,Konsultchef (1 jobb),"Driftchef, data",Atea - Örebro,"Publicerad idag, kl. 08.52",{'https://arbetsformedlingen.se/platsbanken/annonser/26292958'}
4,Kundansvarig IT-konsult sökes till Örebro! (1 jobb),IT-tekniker/Datatekniker,Framtiden AB - Örebro,"Publicerad igår, kl. 17.12",{'https://arbetsformedlingen.se/platsbanken/annonser/26292202'}
5,Erfaren truckförare till samarbetspartner (1 jobb),Truckförare,PerformIQ Work AB - Örebro,"Publicerad igår, kl. 09.10",{'https://arbetsformedlingen.se/platsbanken/annonser/26287880'}
6,Materialhanterare sökes till Epiroc (5 jobb),Lagerarbetare,Lernia - Örebro,"Publicerad 1 juli, kl. 10.59",{'https://arbetsformedlingen.se/platsbanken/annonser/26282172'}
7,IT-tekniker till Lillåns skola 7-9 (1 jobb),IT-tekniker/Datatekniker,Örebro Kommun - Örebro,"Publicerad 1 juli, kl. 09.38",{'https://arbetsformedlingen.se/platsbanken/annonser/26281294'}
8,Software Engineer till TruckCam (2 jobb),IT-tekniker/Datatekniker,Professionals Nord Rekrytering AB - Örebro,"Publicerad 1 juli, kl. 08.32",{'https://arbetsformedlingen.se/platsbanken/annonser/26280498'}
9,IT-konsult till Ricoh IT partner (1 jobb),IT-tekniker/Datatekniker,Procruitment - Örebro,"Publicerad 30 juni, kl. 15.00",{'https://arbetsformedlingen.se/platsbanken/annonser/26278398'}
10,Driftoperatör-IT (1 jobb),"Drifttekniker, data",Försvarsmakten - Örebro,"Publicerad 30 juni, kl. 12.18",{'https://arbetsformedlingen.se/platsbanken/annonser/26277108'}
11,Systemtekniker-IT (1 jobb),IT-tekniker/Datatekniker,Försvarsmakten - Örebro,"Publicerad 30 juni, kl. 10.50",{'https://arbetsformedlingen.se/platsbanken/annonser/26276347'}
12,Bli vår nästa stjärnkonsult! (1 jobb),IT-tekniker/Datatekniker,Atea - Örebro,"Publicerad 30 juni, kl. 09.11",{'https://arbetsformedlingen.se/platsbanken/annonser/26275440'}
13,IT-Tekniker | Experis | Digital Workplace (1 jobb),IT-tekniker/Datatekniker,Experis AB - Örebro,"Publicerad 29 juni, kl. 15.01",{'https://arbetsformedlingen.se/platsbanken/annonser/26273250'}
14,Extrajobb på Swedol i Örebro (3 jobb),Lagerarbetare,Swedol - Örebro,"Publicerad 29 juni, kl. 14.22",{'https://arbetsformedlingen.se/platsbanken/annonser/26272876'}
